TicketID,Sender,Message,Timestamp,Feedback
ABCD06,User,i contacted about tcket but no response,2025-09-25 10:56:15,
ABCD07,User,ticket cancelled,2025-09-25 11:32:26,
ABCD08,User,i cant view my ticket,2025-09-25 11:37:24,
ABCD08,User,is my ticket confired?,2025-09-25 11:38:05,
ABCD09,User,forgot my password,2025-09-25 11:41:59,
ABCD10,User,ejfsdnm,2025-09-25 11:46:47,
ABCD10,User,what happened?,2025-09-25 11:46:56,
ABCD10,Agent,"I'd be happy to help you with your issue. However, I don't have any information about what happened. Could you please provide more context or details about the issue you're experiencing? This will help me provide a more accurate and helpful solution.

If you're experiencing a technical issue, please provide the following information:

- What type of device or platform are you using?
- What were you doing when the issue occurred?
- What error message or symptoms are you experiencing?

Once I have this information, I can provide a step-by-step solution or advice to help you resolve the issue.

Was this helpful? (No)",2025-09-25 11:46:57,
ABCD11,User,ticket problem,2025-09-25 16:33:49,
ABCD11,User,hi,2025-09-25 16:33:56,
ABCD11,Agent,"Hello. I'm here to assist you. 

Since you said ""hi,"" I'll assume you're looking for a general greeting response. Here's a step-by-step guide on how to respond to a ""hi"" in a conversation:

1. **Acknowledge the greeting**: Respond with a friendly greeting to show you're engaged in the conversation.
2. **Use a matching tone**: Match the tone of the initial greeting to create a comfortable atmosphere.
3. **Add a brief message**: Include a brief message to show you're interested in the conversation.
4. **End with a question or statement**: End with a question or statement to keep the conversation going.

Example response: ""Hi! How's your day going so far?""

Was this helpful? (Yes/No)",2025-09-25 16:33:57,
ABCD12,User,rffndjbf,2025-09-25 16:35:30,
ABCD12,User,hi,2025-09-25 16:35:36,
ABCD12,Agent,"Hello. I'm here to assist you. 

Since you said ""hi,"" I'll assume you're looking for a general greeting response. Here's a step-by-step guide on how to respond to a ""hi"" in a conversation:

1. **Acknowledge the greeting**: Respond with a friendly greeting to show you're engaged in the conversation.
2. **Use a matching tone**: Match the tone of the initial greeting to create a comfortable atmosphere.
3. **Add a brief message**: Include a brief message to show you're interested in the conversation.
4. **End with a question or statement**: End with a question or statement to keep the conversation going.

Example response: ""Hi! How's your day going so far?""

Was this helpful? (Yes/No)",2025-09-25 16:35:37,
ABCD12,User,is my ticket confirmed,2025-09-25 16:35:51,
ABCD12,Agent,"To check if your ticket is confirmed, follow these steps:

1. **Log in to your account**: Go to the website or mobile app of the airline, train, or bus service you booked with. Log in to your account using your username and password.
2. **Check your booking**: Once logged in, navigate to the ""My Bookings"" or ""My Trips"" section. This is usually found in the top navigation menu.
3. **Find your ticket**: Look for your ticket in the list of bookings. You can filter the list by date, destination, or other criteria to make it easier to find.
4. **Check the status**: Click on your ticket to view its details. Look for the ""Status"" or ""Confirmation"" field. This will indicate whether your ticket is confirmed or not.
5. **Check for confirmation email**: If you're still unsure, check your email inbox for a confirmation email from the airline, train, or bus service. This email should contain your ticket details and confirmation number.
6. **Contact customer support**: If you're still unable to find your ticket or confirmation, contact the airline, train, or bus service's customer support team for assistance.

Was this helpful? (Yes/No)",2025-09-25 16:35:52,Yes
ABCD13,User,ticket failed to show,2025-09-25 16:41:03,
ABCD13,User,hi,2025-09-25 16:41:08,
ABCD13,Agent,"Hello. It seems like you're just saying hello. If you need assistance with something, I can provide a step-by-step solution. 

Here are the steps to follow:

1. **Identify the issue**: Clearly define the problem you're facing or the task you want to accomplish.
2. **Ask for help**: Let me know what you need assistance with, and I'll do my best to provide a step-by-step solution.
3. **Provide context**: Share any relevant information, such as error messages, screenshots, or details about your system or software.
4. **Follow the solution**: I'll provide a step-by-step guide to help you resolve the issue or complete the task.
5. **Verify the result**: Once you've completed the steps, let me know if the issue is resolved or if you need further assistance.

Let me know if you need more help ✅",2025-09-25 16:41:09,
ABCD13,User,is my ticket confirmed?,2025-09-25 16:41:19,
ABCD13,Agent,"To check if your ticket is confirmed, follow these steps:

1. **Log in to your account**: Go to the website or mobile app of the airline, train, or bus service you booked with. Log in to your account using your username and password.
2. **Check your booking**: Once logged in, navigate to the ""My Bookings"" or ""My Trips"" section. This is usually found in the top navigation menu.
3. **Find your ticket**: Look for your ticket in the list of bookings. You can filter the list by date, destination, or other criteria to make it easier to find.
4. **Check the status**: Click on your ticket to view its details. Look for the ""Status"" or ""Confirmation"" field. This will indicate whether your ticket is confirmed or not.
5. **Check for confirmation email**: If you're still unsure, check your email inbox for a confirmation email from the airline, train, or bus service. This email should contain your ticket details and confirmation number.
6. **Contact customer support**: If you're still unable to find your ticket or confirmation, contact the airline, train, or bus service's customer support team for assistance.

Let me know if you need more help ✅",2025-09-25 16:41:20,
ABCD13,User,how to login?,2025-09-25 16:41:58,
ABCD13,Agent,"To login, follow these steps:

1. **Open the login page**: Go to the website or application you want to access and click on the ""Login"" or ""Sign In"" button.

2. **Enter your username**: Type in your username or email address associated with your account. Make sure to enter it correctly, as it's case-sensitive.

3. **Enter your password**: Type in your password. If you have a password manager, you can use it to generate and store your password securely.

4. **Check the CAPTCHA**: If the website or application has a CAPTCHA, enter the code or complete the task to verify that you're a human.

5. **Click the login button**: Click the ""Login"" or ""Sign In"" button to submit your credentials.

6. **Verify your account**: If you're logging in for the first time or have two-factor authentication (2FA) enabled, you may need to verify your account through a separate step, such as receiving a verification code via email or SMS.

7. **Access your account**: Once you've successfully logged in, you should be able to access your account and start using the website or application.

Let me know if you need more help ✅",2025-09-25 16:41:59,
ABCD14,User,iam not able to book ticket,2025-09-25 18:37:21,
ABCD14,User,iam not able to book ticket,2025-09-25 18:37:45,
ABCD14,Agent,"I'd be happy to help you book a ticket. Here's a step-by-step guide:

1. **Check your internet connection**: Ensure that your internet connection is stable and working properly. You can try restarting your router or switching to a different network to see if it resolves the issue.

2. **Clear browser cache and cookies**: Sometimes, a cluttered browser cache and cookies can cause issues with online booking. Try clearing them by pressing Ctrl + Shift + R (Windows) or Command + Shift + R (Mac) to reload the page.

3. **Check for any errors or notifications**: Look for any error messages or notifications on the ticket booking website. These can provide valuable information about what's causing the issue.

4. **Verify your login credentials**: Make sure you're using the correct login credentials (username and password) to access the ticket booking website.

5. **Check for any restrictions or limitations**: Some ticket booking websites may have restrictions or limitations on booking tickets, such as limited availability or specific requirements. Check the website's terms and conditions to see if there are any restrictions that might be causing the issue.

6. **Try a different browser or device**: If you're using a specific browser or device, try switching to a different one to see if the issue persists.

7. **Contact the ticket booking website's support**: If none of the above steps resolve the issue, try contacting the ticket booking website's support team for assistance. They may be able to provide more specific guidance or help you troubleshoot the issue.

Let me know if you need more help ✅",2025-09-25 18:37:46,
ABCD14,User,i dont have my phone neither i remember my password what to do to login,2025-09-25 18:38:15,
ABCD14,Agent,"I'd be happy to help you recover your account. Here's a step-by-step solution:

1. **Try to recover your account using the ""Forgot Password"" option**: Go to the login page of the account you're trying to access and click on the ""Forgot Password"" or ""Reset Password"" link. This will usually prompt you to enter your email address or username associated with the account.

2. **Enter your email address or username**: Type in the email address or username you used to create the account. Make sure to enter it correctly, as this will help the system to identify your account.

3. **Choose a recovery method**: Depending on the account settings, you may be asked to choose a recovery method, such as receiving a verification code via SMS or email, or answering security questions.

4. **Verify your identity**: If you chose to receive a verification code, enter the code sent to your phone or email. If you chose to answer security questions, provide the answers you set up when creating the account.

5. **Create a new password**: Once you've verified your identity, you'll be prompted to create a new password. Make sure to choose a strong and unique password that you won't forget.

6. **Log in with your new password**: After creating your new password, try logging in with it. If you're still having trouble, you may want to try clearing your browser cache or using a different browser.

7. **Contact the account support team (if necessary)**: If you're still unable to recover your account, you may want to contact the account support team for further assistance. They may be able to help you reset your password or provide additional guidance.

Let me know if you need more help ✅",2025-09-25 18:38:16,
ABCD14,User,thanks for the advics,2025-09-25 18:38:47,
ABCD14,Agent,"I think you meant ""thanks for the advice."" Here's a numbered step-by-step solution:

1. **Clarify the issue**: If you could provide more context or details about the problem you're facing, I'd be happy to help you better.
2. **Understand the advice**: Please confirm which advice you received from me, so I can ensure it's relevant to your situation.
3. **Apply the advice**: Take the advice and try to implement it in your situation. If you need help with the implementation, feel free to ask.
4. **Evaluate the outcome**: After applying the advice, assess the outcome and let me know if it's what you were expecting.
5. **Request further assistance**: If you need additional help or have further questions, don't hesitate to ask.

Let me know if you need more help ✅",2025-09-25 18:38:48,
ABCD14,User,bye,2025-09-25 18:39:05,
ABCD14,Agent,"It was nice chatting with you. Since you're saying goodbye, I'll just confirm that our conversation has ended. Here's a simple step-by-step confirmation:

1. You sent a message saying ""bye"" to indicate the end of our conversation.
2. I acknowledged your message and provided a response.
3. Our conversation has now come to a close.

Let me know if you need more help ✅",2025-09-25 18:39:06,
ABCD14,User,check my ticket status,2025-09-25 18:39:34,
ABCD14,Agent,"To check your ticket status, follow these steps:

1. **Log in to your account**: Go to our website and click on the ""Login"" button at the top right corner. Enter your username and password to access your account.

2. **Navigate to the ticket section**: Once you're logged in, click on the ""Tickets"" or ""Support"" tab, depending on the layout of our website. This will take you to a page where you can view your existing tickets.

3. **Search for your ticket**: Look for the ticket you want to check the status of. You can search for it by ticket number, subject, or date created. If you can't find it, you can also use the ""Search"" function at the top of the page.

4. **Check the ticket status**: Once you've found your ticket, click on it to view its details. The ticket status will be displayed at the top of the page or in a separate section. Common ticket statuses include ""Open"", ""In Progress"", ""On Hold"", ""Resolved"", and ""Closed"".

5. **Check for updates**: If your ticket is still open, you can check for updates by clicking on the ""Comments"" or ""History"" tab. This will show you any recent updates or comments from our support team.

Let me know if you need more help ✅",2025-09-25 18:39:35,
ABCD15,User,my ticket is not showing,2025-09-25 19:11:36,
ABCD15,User,is my ticket confirmed,2025-09-25 19:12:00,
ABCD15,Agent,"To check if your ticket is confirmed, follow these steps:

1. **Log in to your account**: Go to the website or mobile app of the airline, train, or bus service you booked with. Log in to your account using your username and password.
2. **Check your booking**: Once logged in, navigate to the ""My Bookings"" or ""My Trips"" section. This is usually found in the top navigation menu.
3. **Find your ticket**: Look for your ticket in the list of bookings. You can filter the list by date, destination, or other criteria to make it easier to find.
4. **Check the status**: Click on your ticket to view its details. Look for the ""Status"" or ""Confirmation"" field. This will indicate whether your ticket is confirmed or not.
5. **Check for confirmation email**: If you're still unsure, check your email inbox for a confirmation email from the airline, train, or bus service. This email should contain your ticket details and confirmation number.
6. **Contact customer support**: If you're still unable to find your ticket or confirmation, contact the airline, train, or bus service's customer support team for assistance.

Let me know if you need more help ✅",2025-09-25 19:12:02,
ABCD15,User,how can i know my payment status,2025-09-25 19:12:21,
ABCD15,Agent,"To check your payment status, follow these steps:

1. **Log in to your account**: Go to the website or mobile app where you made the payment. Enter your username and password to access your account.
2. **Navigate to the payment section**: Look for a section or tab that says ""Payments,"" ""Transactions,"" or ""Account History."" This is where you'll find information about your past payments.
3. **Search for the specific payment**: Type in the payment reference number, invoice number, or date of the payment to find the specific transaction you're looking for.
4. **Check the payment status**: Once you've found the payment, check the status. It may be marked as ""Paid,"" ""Pending,"" ""Processing,"" or ""Failed."" If it's marked as ""Pending"" or ""Processing,"" it may take a few days for the payment to be confirmed.
5. **Contact customer support (if necessary)**: If you're still unsure about the payment status or if it's been a while since you made the payment, you can contact the customer support team for assistance.

Let me know if you need more help ✅",2025-09-25 19:12:22,
"TICKET-298A9D40","User","idk","","2025-10-02 18:14:40"
"TICKET-298A9D40","User","hi","","2025-10-02 18:15:21"
"TICKET-298A9D40","Agent","It's nice to meet you. I'm here to help with any questions or concerns you may have. If you're looking for assistance, here's a general step-by-step process to get started:

1. **Identify the issue**: Please describe the problem or question you're facing. This will help me understand what you need help with.

2. **Provide more context**: If relevant, share any additional information that might be helpful in resolving your issue. This could include error messages, screenshots, or details about your setup.

3. **Choose a topic**: If you're unsure where to start, let me know what area you need help with (e.g., technology, education, entertainment, etc.).

4. **Ask your question**: Once you've gathered your thoughts, ask your question or describe the issue you're facing.

5. **Wait for assistance**: I'll do my best to provide a helpful response to your question or issue.

6. **Follow up**: If you need further assistance or clarification, don't hesitate to ask. I'm here to help until we resolve your issue.

How can I assist you today?","","2025-10-02 18:15:23"
"TICKET-298A9D40","User","is my ticket confirmed","","2025-10-02 18:15:38"
"TICKET-298A9D40","Agent","I'd be happy to help you check the status of your ticket. Here's a step-by-step guide to help you determine if your ticket is confirmed:

1. **Check your email**: Look for an email from the airline or ticketing website confirming your booking. The email should have your ticket details, including the flight number, departure and arrival times, and a confirmation number.

2. **Log in to your account**: If you booked your ticket online, log in to your account on the airline's website or the ticketing website. Check your booking history to see if your ticket is listed as confirmed.

3. **Check your ticket confirmation number**: If you have a ticket confirmation number, you can use it to check the status of your ticket. Most airlines and ticketing websites allow you to enter your confirmation number to view your booking details.

4. **Contact the airline**: If you're unable to find your ticket confirmation or details online, contact the airline directly. You can call their customer service number or visit their website to find their contact information. Explain your situation to the representative, and they should be able to check the status of your ticket.

5. **Check your ticket status online**: Some airlines and ticketing websites allow you to check the status of your ticket online. Look for a ""Check Flight Status"" or ""View Booking"" option on the airline's website.

6. **Check for any travel restrictions**: If you're traveling internationally, check if there are any travel restrictions or requirements, such as visas or health certificates, that may affect your ticket.

7. **Contact your travel agent (if applicable)**: If you booked your ticket through a travel agent, contact them to check the status of your ticket.

8. **Check for any updates on the airline's website**: Keep an eye on the airline's website for any updates or notifications about your flight.

If you've completed these steps and still can't find the status of your ticket, feel free to provide me with more information, and I'll do my best to assist you.","","2025-10-02 18:15:41"
